,0,1,2,3,4,5,6,7,8,9,10,11,12,13,14,15,16,17,18,19,20,21
Lagoa Seca,0.0,0.0,0.0,0.0,0.2857142857142857,0.0,0.8571428571428571,2.0,4.285714285714286,11.285714285714286,9.285714285714286,6.0,15.142857142857142,9.571428571428571,9.857142857142858,3.7142857142857144,8.142857142857142,7.142857142857143,0.8571428571428571,4.714285714285714,2.857142857142857,3.142857142857143
Bom Sucesso,0.0,0.0,0.0,0.0,0.0,0.0,0.0,0.0,0.0,0.0,0.7142857142857143,0.0,0.14285714285714285,0.14285714285714285,0.0,0.0,0.42857142857142855,0.2857142857142857,0.8571428571428571,0.0,0.7142857142857143,0.0
São João do Tigre,0.0,0.0,0.0,0.0,0.0,0.0,0.0,0.14285714285714285,0.0,0.0,0.0,0.0,0.2857142857142857,0.14285714285714285,0.0,0.14285714285714285,0.0,0.42857142857142855,0.42857142857142855,0.14285714285714285,0.0,0.0
Baía da Traição,0.0,0.0,0.0,0.0,0.0,0.0,1.0,3.0,2.0,3.142857142857143,2.5714285714285716,4.285714285714286,4.142857142857143,8.285714285714286,11.285714285714286,10.142857142857142,7.285714285714286,7.571428571428571,6.714285714285714,6.0,8.571428571428571,2.0
Bernardino Batista,0.0,0.0,0.0,0.0,0.0,0.0,0.0,0.0,0.0,0.14285714285714285,0.14285714285714285,0.0,0.14285714285714285,0.0,0.0,0.0,0.42857142857142855,0.0,0.14285714285714285,0.0,0.14285714285714285,0.7142857142857143
Mãe d'Água,0.0,0.0,0.0,0.0,0.0,0.0,0.0,0.0,0.2857142857142857,0.14285714285714285,1.0,0.0,0.14285714285714285,0.0,0.42857142857142855,0.2857142857142857,-0.14285714285714285,0.2857142857142857,0.14285714285714285,0.0,0.0,0.14285714285714285
Quixaba,0.0,0.0,0.0,0.0,0.0,0.0,0.14285714285714285,0.5714285714285714,-0.14285714285714285,0.2857142857142857,1.5714285714285714,0.7142857142857143,0.2857142857142857,0.2857142857142857,0.0,0.0,0.14285714285714285,0.0,0.14285714285714285,0.14285714285714285,0.5714285714285714,0.2857142857142857
Mari,0.0,0.0,0.0,0.0,0.14285714285714285,1.7142857142857142,4.142857142857143,2.5714285714285716,4.428571428571429,6.571428571428571,6.714285714285714,5.571428571428571,12.0,13.0,23.428571428571427,17.0,26.428571428571427,18.428571428571427,4.142857142857143,8.714285714285714,6.714285714285714,3.0
Curral Velho,0.0,0.0,0.0,0.0,0.0,0.0,0.0,0.0,0.0,0.14285714285714285,0.0,0.0,0.0,0.0,0.0,0.0,0.0,0.0,0.0,0.14285714285714285,0.0,0.14285714285714285
Santa Helena,0.0,0.0,0.0,0.0,0.14285714285714285,0.0,0.0,0.0,0.0,0.14285714285714285,0.0,0.14285714285714285,0.8571428571428571,0.14285714285714285,0.0,0.14285714285714285,0.5714285714285714,0.7142857142857143,-0.14285714285714285,0.0,0.0,0.14285714285714285
Damião,0.0,0.0,0.0,0.0,0.0,0.0,0.0,0.0,0.14285714285714285,0.14285714285714285,0.0,0.0,0.14285714285714285,0.0,0.0,0.2857142857142857,0.5714285714285714,0.5714285714285714,0.5714285714285714,1.4285714285714286,0.7142857142857143,0.42857142857142855
Camalaú,0.0,0.0,0.0,0.0,0.0,0.0,0.0,0.0,0.0,0.0,0.0,0.14285714285714285,0.0,0.0,0.14285714285714285,-0.14285714285714285,0.0,0.0,0.0,0.14285714285714285,0.14285714285714285,2.4285714285714284
Lagoa de Dentro,0.0,0.0,0.0,0.0,0.0,0.0,0.2857142857142857,0.2857142857142857,0.42857142857142855,0.2857142857142857,0.0,0.2857142857142857,2.7142857142857144,1.7142857142857142,1.1428571428571428,2.5714285714285716,3.5714285714285716,1.8571428571428572,1.4285714285714286,0.42857142857142855,2.142857142857143,0.42857142857142855
Itapororoca,0.0,0.0,0.0,0.14285714285714285,0.2857142857142857,0.14285714285714285,1.1428571428571428,0.8571428571428571,1.4285714285714286,1.7142857142857142,0.8571428571428571,6.714285714285714,8.571428571428571,8.142857142857142,12.571428571428571,13.428571428571429,15.285714285714286,14.0,9.285714285714286,10.714285714285714,4.428571428571429,8.714285714285714
Rio Tinto,0.0,0.0,0.0,0.0,0.0,1.0,1.1428571428571428,0.5714285714285714,3.4285714285714284,6.571428571428571,10.285714285714286,8.714285714285714,18.0,16.571428571428573,18.428571428571427,21.857142857142858,13.142857142857142,11.285714285714286,9.857142857142858,4.0,6.857142857142857,5.714285714285714
Riachão,0.0,0.0,0.0,0.0,0.0,0.0,0.0,0.0,0.0,0.14285714285714285,0.2857142857142857,1.1428571428571428,1.1428571428571428,0.8571428571428571,0.8571428571428571,1.0,1.2857142857142858,1.2857142857142858,1.7142857142857142,0.42857142857142855,0.42857142857142855,0.42857142857142855
Bonito de Santa Fé,0.0,0.0,0.0,0.0,0.0,0.0,0.0,0.0,0.0,0.14285714285714285,0.0,0.0,0.14285714285714285,0.0,0.5714285714285714,0.42857142857142855,0.0,0.7142857142857143,0.5714285714285714,0.8571428571428571,1.0,2.0
Santo André,0.0,0.0,0.0,0.0,0.0,0.0,0.0,0.0,0.0,0.14285714285714285,0.0,0.0,0.0,0.5714285714285714,0.0,0.14285714285714285,1.0,0.14285714285714285,0.0,-0.14285714285714285,0.0,0.0
Picuí,0.0,0.0,0.0,0.0,0.0,0.0,0.14285714285714285,0.0,1.0,2.5714285714285716,1.7142857142857142,2.2857142857142856,2.2857142857142856,2.4285714285714284,3.5714285714285716,3.857142857142857,2.857142857142857,2.2857142857142856,0.7142857142857143,2.857142857142857,4.0,4.857142857142857
Olivedos,0.0,0.0,0.0,0.0,0.0,0.0,0.0,0.0,0.14285714285714285,0.5714285714285714,0.42857142857142855,0.7142857142857143,1.8571428571428572,1.4285714285714286,1.1428571428571428,0.8571428571428571,1.0,1.5714285714285714,1.0,1.0,1.4285714285714286,1.4285714285714286
Jericó,0.0,0.0,0.0,0.0,0.0,0.0,0.0,0.14285714285714285,0.0,0.14285714285714285,0.14285714285714285,0.0,0.14285714285714285,0.14285714285714285,0.0,0.0,0.42857142857142855,0.14285714285714285,0.5714285714285714,1.2857142857142858,1.5714285714285714,0.42857142857142855
São José de Caiana,0.0,0.0,0.0,0.0,0.0,0.0,0.0,0.7142857142857143,0.7142857142857143,0.7142857142857143,1.0,0.0,0.14285714285714285,0.2857142857142857,1.0,0.0,0.0,0.0,0.5714285714285714,1.5714285714285714,0.14285714285714285,0.2857142857142857
Marizópolis,0.0,0.0,0.0,0.0,0.42857142857142855,0.0,0.14285714285714285,0.0,-0.14285714285714285,0.14285714285714285,0.0,0.14285714285714285,0.14285714285714285,0.14285714285714285,0.14285714285714285,0.0,1.5714285714285714,0.7142857142857143,0.14285714285714285,0.5714285714285714,0.42857142857142855,0.0
Mato Grosso,0.0,0.0,0.0,0.0,0.0,0.0,0.0,0.42857142857142855,0.0,0.5714285714285714,0.0,0.0,0.0,0.0,0.0,0.2857142857142857,0.14285714285714285,0.2857142857142857,0.2857142857142857,0.2857142857142857,0.14285714285714285,0.0
Condado,0.0,0.0,0.0,0.0,0.0,0.2857142857142857,1.7142857142857142,1.8571428571428572,1.4285714285714286,0.8571428571428571,0.8571428571428571,0.5714285714285714,1.7142857142857142,1.8571428571428572,1.2857142857142858,1.5714285714285714,1.1428571428571428,0.2857142857142857,0.5714285714285714,1.0,0.8571428571428571,1.8571428571428572
Santa Rita,0.0,0.5714285714285714,1.4285714285714286,1.5714285714285714,6.714285714285714,12.857142857142858,15.571428571428571,14.857142857142858,29.428571428571427,17.714285714285715,21.857142857142858,21.142857142857142,22.857142857142858,17.142857142857142,22.142857142857142,39.142857142857146,18.0,47.142857142857146,46.0,29.428571428571427,20.571428571428573,23.571428571428573
Desterro,0.0,0.0,0.0,0.0,0.0,0.0,0.0,0.0,0.5714285714285714,1.0,0.2857142857142857,0.5714285714285714,1.2857142857142858,1.1428571428571428,0.42857142857142855,0.8571428571428571,0.5714285714285714,0.42857142857142855,0.0,0.5714285714285714,0.0,0.5714285714285714
Piancó,0.0,0.0,0.0,0.0,0.0,0.42857142857142855,0.2857142857142857,0.5714285714285714,0.7142857142857143,0.7142857142857143,0.8571428571428571,0.7142857142857143,1.7142857142857142,2.5714285714285716,3.4285714285714284,2.4285714285714284,2.0,2.142857142857143,1.8571428571428572,1.8571428571428572,1.7142857142857142,2.142857142857143
Congo,0.0,0.0,0.0,0.14285714285714285,0.0,0.0,1.2857142857142858,0.14285714285714285,0.0,0.0,0.0,0.5714285714285714,1.5714285714285714,1.4285714285714286,0.5714285714285714,0.2857142857142857,0.8571428571428571,2.2857142857142856,0.42857142857142855,0.42857142857142855,1.2857142857142858,0.8571428571428571
Emas,0.0,0.0,0.0,0.0,0.0,0.0,0.0,0.0,0.14285714285714285,0.0,0.0,0.0,0.14285714285714285,0.0,0.2857142857142857,0.5714285714285714,1.8571428571428572,2.5714285714285716,1.1428571428571428,0.42857142857142855,0.0,0.2857142857142857
São José dos Ramos,0.0,0.0,0.0,0.0,0.0,0.0,0.2857142857142857,0.2857142857142857,0.7142857142857143,1.1428571428571428,1.5714285714285714,3.2857142857142856,2.7142857142857144,3.2857142857142856,3.2857142857142856,5.714285714285714,3.4285714285714284,4.857142857142857,1.4285714285714286,1.8571428571428572,1.8571428571428572,0.42857142857142855
Riacho de Santo Antônio,0.0,0.0,0.0,0.0,0.0,0.0,0.0,0.0,0.42857142857142855,0.2857142857142857,0.0,0.14285714285714285,0.14285714285714285,1.1428571428571428,0.42857142857142855,0.2857142857142857,1.0,0.0,0.2857142857142857,0.14285714285714285,0.0,0.0
Santa Cecília,0.0,0.0,0.0,0.0,0.0,0.0,0.0,0.0,0.42857142857142855,0.2857142857142857,0.5714285714285714,0.14285714285714285,0.42857142857142855,0.7142857142857143,0.42857142857142855,3.857142857142857,0.14285714285714285,1.2857142857142858,1.0,0.7142857142857143,0.5714285714285714,0.42857142857142855
Triunfo,0.0,0.0,0.0,0.0,0.0,0.0,0.0,0.0,0.0,0.0,0.0,0.14285714285714285,0.14285714285714285,0.8571428571428571,0.7142857142857143,1.4285714285714286,1.1428571428571428,1.4285714285714286,0.5714285714285714,2.0,1.0,1.5714285714285714
Santa Inês,0.0,0.0,0.0,0.0,0.0,0.0,0.0,0.0,0.14285714285714285,0.0,0.42857142857142855,0.14285714285714285,0.2857142857142857,0.42857142857142855,1.5714285714285714,1.1428571428571428,0.42857142857142855,1.4285714285714286,1.5714285714285714,0.8571428571428571,0.5714285714285714,0.42857142857142855
Algodão de Jandaíra,0.0,0.0,0.0,0.0,0.0,0.0,0.0,0.0,0.0,0.0,0.0,0.0,0.42857142857142855,0.0,0.14285714285714285,0.0,0.0,0.14285714285714285,0.14285714285714285,0.8571428571428571,0.5714285714285714,0.42857142857142855
Pilões,0.0,0.0,0.0,0.0,0.0,0.14285714285714285,0.0,0.5714285714285714,0.42857142857142855,0.8571428571428571,1.5714285714285714,0.7142857142857143,0.42857142857142855,0.5714285714285714,0.2857142857142857,1.1428571428571428,3.2857142857142856,2.0,2.4285714285714284,0.8571428571428571,0.14285714285714285,0.0
Conceição,0.0,0.0,0.0,0.0,0.0,0.0,0.14285714285714285,0.14285714285714285,0.2857142857142857,0.42857142857142855,-0.42857142857142855,0.14285714285714285,0.42857142857142855,3.7142857142857144,11.285714285714286,3.7142857142857144,9.714285714285714,16.142857142857142,17.142857142857142,12.857142857142858,3.5714285714285716,2.4285714285714284
Boa Vista,0.0,0.0,0.0,0.0,0.0,0.0,0.0,0.14285714285714285,3.142857142857143,1.7142857142857142,1.4285714285714286,0.14285714285714285,0.2857142857142857,0.14285714285714285,1.2857142857142858,0.42857142857142855,0.2857142857142857,1.0,1.1428571428571428,0.8571428571428571,1.8571428571428572,0.7142857142857143
Alagoinha,0.0,0.0,0.0,0.0,0.0,0.14285714285714285,1.4285714285714286,2.7142857142857144,8.428571428571429,6.142857142857143,10.142857142857142,8.285714285714286,9.428571428571429,20.571428571428573,12.571428571428571,7.142857142857143,5.857142857142857,14.0,8.142857142857142,7.714285714285714,9.285714285714286,3.5714285714285716
Pedro Régis,0.0,0.0,0.0,0.0,0.0,0.0,0.0,0.0,0.14285714285714285,0.0,0.14285714285714285,-0.14285714285714285,1.4285714285714286,2.0,0.5714285714285714,0.7142857142857143,0.2857142857142857,0.5714285714285714,0.2857142857142857,0.42857142857142855,0.7142857142857143,0.14285714285714285
Alcantil,0.0,0.0,0.0,0.0,0.0,0.0,0.0,0.0,0.14285714285714285,0.42857142857142855,0.0,0.2857142857142857,1.7142857142857142,0.42857142857142855,0.14285714285714285,0.5714285714285714,0.7142857142857143,1.1428571428571428,2.142857142857143,0.42857142857142855,0.2857142857142857,0.5714285714285714
Campina Grande,0.2857142857142857,0.14285714285714285,0.14285714285714285,2.857142857142857,3.857142857142857,3.857142857142857,11.714285714285714,37.285714285714285,108.42857142857143,118.0,214.0,182.71428571428572,177.42857142857142,94.71428571428571,155.28571428571428,128.42857142857142,156.14285714285714,109.28571428571429,75.28571428571429,72.57142857142857,67.0,26.0
Juru,0.0,0.0,0.0,0.0,0.0,0.0,0.0,0.14285714285714285,0.42857142857142855,0.14285714285714285,0.0,0.5714285714285714,0.0,0.2857142857142857,0.2857142857142857,0.42857142857142855,0.8571428571428571,4.285714285714286,4.571428571428571,4.0,2.5714285714285716,0.42857142857142855
Gurjão,0.0,0.0,0.0,0.0,0.0,0.0,0.0,0.42857142857142855,0.0,1.7142857142857142,0.14285714285714285,0.14285714285714285,0.14285714285714285,0.14285714285714285,0.0,0.0,0.0,0.14285714285714285,0.2857142857142857,0.14285714285714285,0.2857142857142857,0.8571428571428571
Queimadas,0.0,0.0,0.0,0.14285714285714285,0.14285714285714285,0.0,0.5714285714285714,2.7142857142857144,5.571428571428571,6.285714285714286,14.0,12.428571428571429,16.571428571428573,16.0,17.857142857142858,9.571428571428571,11.714285714285714,12.285714285714286,13.571428571428571,12.428571428571429,8.857142857142858,9.142857142857142
Sobrado,0.0,0.0,0.0,0.0,0.0,0.0,0.42857142857142855,0.14285714285714285,1.8571428571428572,1.2857142857142858,2.2857142857142856,1.7142857142857142,1.4285714285714286,1.4285714285714286,3.2857142857142856,4.428571428571429,3.7142857142857144,2.142857142857143,0.8571428571428571,0.14285714285714285,1.8571428571428572,0.0
Boa Ventura,0.0,0.0,0.0,0.0,0.0,0.0,0.0,0.0,0.14285714285714285,0.0,0.0,0.0,0.14285714285714285,0.0,0.14285714285714285,-0.14285714285714285,0.0,0.2857142857142857,0.0,0.14285714285714285,0.14285714285714285,0.0
Serra Branca,0.0,0.14285714285714285,0.0,0.0,0.0,0.0,0.14285714285714285,0.0,0.0,0.14285714285714285,0.8571428571428571,0.5714285714285714,1.8571428571428572,3.4285714285714284,5.0,2.857142857142857,1.4285714285714286,2.142857142857143,2.142857142857143,1.0,1.2857142857142858,0.7142857142857143
Prata,0.0,0.0,0.0,0.0,0.0,0.0,0.0,0.0,0.0,0.14285714285714285,-0.14285714285714285,0.0,0.0,0.5714285714285714,-0.2857142857142857,0.14285714285714285,0.0,0.14285714285714285,0.14285714285714285,0.0,0.2857142857142857,0.0
São José dos Cordeiros,0.0,0.0,0.0,0.0,0.0,0.0,0.0,0.2857142857142857,0.14285714285714285,0.0,0.0,0.0,0.14285714285714285,0.0,0.0,0.5714285714285714,2.0,0.8571428571428571,0.5714285714285714,1.0,0.42857142857142855,0.0
São Domingos,0.0,0.0,0.0,0.0,0.0,0.0,0.0,0.0,0.0,0.0,0.0,0.0,0.0,0.0,0.0,0.0,0.0,0.0,0.0,0.14285714285714285,0.7142857142857143,0.5714285714285714
Marcação,0.0,0.0,0.0,0.0,0.0,0.0,0.0,0.0,0.14285714285714285,1.0,0.14285714285714285,0.42857142857142855,1.7142857142857142,2.857142857142857,6.428571428571429,6.285714285714286,5.285714285714286,8.571428571428571,7.0,5.571428571428571,5.0,4.428571428571429
Cajazeiras,0.0,0.0,0.0,0.2857142857142857,0.42857142857142855,1.2857142857142858,1.8571428571428572,2.142857142857143,4.285714285714286,7.714285714285714,10.857142857142858,11.0,22.0,22.142857142857142,22.714285714285715,25.857142857142858,13.142857142857142,25.857142857142858,17.714285714285715,13.714285714285714,16.714285714285715,9.428571428571429
São José do Sabugi,0.0,0.0,0.0,0.0,0.0,0.0,0.5714285714285714,5.0,2.0,2.142857142857143,2.7142857142857144,1.8571428571428572,5.571428571428571,3.4285714285714284,0.14285714285714285,1.7142857142857142,1.5714285714285714,0.7142857142857143,2.142857142857143,1.8571428571428572,1.8571428571428572,2.5714285714285716
São Bento,0.0,0.0,0.0,0.14285714285714285,0.42857142857142855,0.14285714285714285,0.7142857142857143,3.0,8.142857142857142,12.142857142857142,26.285714285714285,11.857142857142858,11.714285714285714,8.714285714285714,13.428571428571429,26.571428571428573,34.57142857142857,30.142857142857142,27.714285714285715,17.285714285714285,25.285714285714285,23.0
Pirpirituba,0.0,0.0,0.0,0.0,0.0,0.2857142857142857,0.5714285714285714,0.14285714285714285,1.2857142857142858,1.0,1.4285714285714286,1.7142857142857142,2.0,5.571428571428571,4.142857142857143,5.428571428571429,0.42857142857142855,10.857142857142858,2.857142857142857,3.857142857142857,2.5714285714285716,0.42857142857142855
Caaporã,0.0,0.0,0.0,0.0,0.2857142857142857,1.5714285714285714,10.285714285714286,12.428571428571429,17.714285714285715,19.285714285714285,17.142857142857142,10.714285714285714,12.142857142857142,6.428571428571429,6.142857142857143,5.857142857142857,4.714285714285714,2.857142857142857,1.5714285714285714,1.4285714285714286,1.5714285714285714,3.2857142857142856
Lastro,0.0,0.0,0.0,0.0,0.0,0.0,0.0,0.14285714285714285,0.0,0.0,0.2857142857142857,0.8571428571428571,0.5714285714285714,0.0,0.2857142857142857,0.0,0.14285714285714285,0.0,0.0,0.42857142857142855,0.0,0.7142857142857143
Carrapateira,0.0,0.0,0.0,0.0,0.0,0.0,0.0,0.0,0.14285714285714285,0.0,0.0,0.0,0.5714285714285714,0.7142857142857143,2.2857142857142856,0.2857142857142857,0.0,1.0,1.2857142857142858,0.42857142857142855,0.42857142857142855,0.0
Soledade,0.0,0.0,0.0,0.0,0.0,0.0,0.2857142857142857,0.0,0.7142857142857143,0.8571428571428571,2.5714285714285716,3.5714285714285716,2.857142857142857,1.8571428571428572,1.4285714285714286,1.1428571428571428,2.4285714285714284,0.7142857142857143,0.5714285714285714,2.142857142857143,2.2857142857142856,0.8571428571428571
Cabedelo,0.14285714285714285,0.14285714285714285,0.5714285714285714,1.2857142857142858,1.5714285714285714,4.428571428571429,15.285714285714286,17.714285714285715,50.857142857142854,51.285714285714285,49.714285714285715,17.857142857142858,25.857142857142858,31.285714285714285,13.285714285714286,18.142857142857142,19.571428571428573,17.142857142857142,18.714285714285715,15.571428571428571,9.428571428571429,10.0
Assunção,0.0,0.0,0.0,0.0,0.0,0.0,0.0,0.0,0.42857142857142855,2.142857142857143,0.2857142857142857,0.0,0.2857142857142857,0.5714285714285714,0.14285714285714285,0.42857142857142855,0.8571428571428571,1.1428571428571428,0.0,0.14285714285714285,0.0,0.14285714285714285
Mogeiro,0.0,0.0,0.0,0.0,0.0,0.0,0.14285714285714285,0.0,0.2857142857142857,0.8571428571428571,2.4285714285714284,0.8571428571428571,3.4285714285714284,2.857142857142857,1.4285714285714286,2.7142857142857144,2.142857142857143,1.7142857142857142,1.8571428571428572,1.2857142857142858,1.8571428571428572,5.571428571428571
Serra da Raiz,0.0,0.0,0.0,0.0,0.0,0.14285714285714285,0.42857142857142855,0.14285714285714285,0.5714285714285714,0.2857142857142857,0.14285714285714285,0.0,0.0,0.0,0.2857142857142857,0.0,0.42857142857142855,0.0,0.14285714285714285,0.5714285714285714,0.7142857142857143,1.1428571428571428
Alagoa Grande,0.0,0.0,0.0,0.0,0.14285714285714285,0.2857142857142857,1.0,2.0,6.285714285714286,3.0,12.571428571428571,10.428571428571429,17.571428571428573,8.571428571428571,11.571428571428571,14.714285714285714,11.285714285714286,8.857142857142858,6.857142857142857,7.428571428571429,5.714285714285714,8.142857142857142
Barra de Santa Rosa,0.0,0.0,0.0,0.0,0.0,0.0,0.0,0.14285714285714285,0.2857142857142857,1.0,0.2857142857142857,0.42857142857142855,0.2857142857142857,0.14285714285714285,0.7142857142857143,1.2857142857142858,1.0,1.1428571428571428,0.8571428571428571,1.7142857142857142,1.1428571428571428,0.42857142857142855
Juripiranga,0.0,0.0,0.0,0.0,0.0,0.0,2.0,1.5714285714285714,7.0,8.857142857142858,7.0,4.0,6.857142857142857,6.285714285714286,4.285714285714286,1.1428571428571428,6.714285714285714,5.142857142857143,1.8571428571428572,2.2857142857142856,1.2857142857142858,2.0
Baraúna,0.0,0.0,0.0,0.0,0.0,0.0,0.0,0.0,0.0,6.0,2.5714285714285716,3.142857142857143,2.2857142857142856,2.142857142857143,0.8571428571428571,0.14285714285714285,0.42857142857142855,0.8571428571428571,0.0,0.14285714285714285,0.7142857142857143,0.0
Ouro Velho,0.0,0.0,0.0,0.0,0.0,0.0,0.0,0.0,0.14285714285714285,0.0,-0.14285714285714285,0.0,0.0,0.0,0.0,0.0,0.0,0.0,0.0,0.0,0.14285714285714285,0.14285714285714285
Massaranduba,0.0,0.0,0.0,0.0,0.0,0.14285714285714285,0.42857142857142855,0.8571428571428571,1.0,2.142857142857143,5.857142857142857,1.7142857142857142,4.714285714285714,5.714285714285714,6.428571428571429,5.428571428571429,5.428571428571429,2.7142857142857144,1.5714285714285714,1.7142857142857142,0.42857142857142855,0.8571428571428571
Parari,0.0,0.0,0.0,0.0,0.0,0.0,0.0,0.0,0.0,0.0,0.14285714285714285,0.14285714285714285,0.2857142857142857,0.0,0.0,0.14285714285714285,0.0,0.0,0.0,0.0,0.0,0.14285714285714285
Caraúbas,0.0,0.0,0.0,0.0,0.0,0.0,0.0,0.0,0.0,0.14285714285714285,0.14285714285714285,0.2857142857142857,0.5714285714285714,1.0,1.5714285714285714,0.5714285714285714,0.14285714285714285,0.14285714285714285,0.7142857142857143,0.14285714285714285,0.5714285714285714,0.14285714285714285
Juarez Távora,0.0,0.0,0.0,0.0,0.0,0.0,0.14285714285714285,1.0,1.2857142857142858,2.857142857142857,2.4285714285714284,2.0,4.857142857142857,7.0,6.714285714285714,4.0,2.4285714285714284,1.8571428571428572,2.142857142857143,3.2857142857142856,0.8571428571428571,15.571428571428571
São Sebastião de Lagoa de Roça,0.0,0.0,0.0,0.0,0.0,0.14285714285714285,0.8571428571428571,0.2857142857142857,-0.7142857142857143,3.2857142857142856,5.0,1.5714285714285714,6.0,-0.14285714285714285,1.8571428571428572,3.142857142857143,2.0,3.0,2.2857142857142856,3.0,1.2857142857142858,1.7142857142857142
Água Branca,0.0,0.0,0.0,0.0,0.0,0.0,0.0,0.14285714285714285,0.14285714285714285,0.2857142857142857,0.8571428571428571,1.0,0.42857142857142855,1.7142857142857142,0.42857142857142855,0.7142857142857143,0.8571428571428571,0.2857142857142857,0.2857142857142857,0.0,0.5714285714285714,0.0
Aguiar,0.0,0.0,0.0,0.0,0.0,0.0,0.0,0.14285714285714285,0.0,0.0,0.0,0.2857142857142857,1.2857142857142858,0.5714285714285714,0.42857142857142855,0.14285714285714285,0.2857142857142857,0.14285714285714285,0.0,0.14285714285714285,0.0,-0.14285714285714285
Juazeirinho,0.0,0.0,0.0,0.0,0.0,0.14285714285714285,2.0,3.2857142857142856,1.1428571428571428,1.2857142857142858,2.4285714285714284,0.8571428571428571,2.2857142857142856,1.8571428571428572,2.5714285714285716,1.0,1.7142857142857142,1.2857142857142858,0.8571428571428571,2.0,3.4285714285714284,2.5714285714285716
Sumé,0.0,0.0,0.0,0.0,0.0,0.0,0.0,0.14285714285714285,1.2857142857142858,3.7142857142857144,-1.5714285714285714,0.14285714285714285,2.142857142857143,3.2857142857142856,3.7142857142857144,4.285714285714286,6.714285714285714,4.142857142857143,2.857142857142857,2.857142857142857,2.0,1.0
Conde,0.0,0.0,0.0,0.14285714285714285,1.0,1.5714285714285714,1.0,5.142857142857143,2.4285714285714284,5.0,7.142857142857143,7.714285714285714,12.0,15.142857142857142,8.857142857142858,12.285714285714286,6.0,7.571428571428571,4.428571428571429,3.0,6.714285714285714,2.2857142857142856
Capim,0.0,0.0,0.0,0.0,0.0,0.14285714285714285,0.42857142857142855,2.142857142857143,2.142857142857143,1.4285714285714286,2.7142857142857144,1.2857142857142858,3.5714285714285716,0.5714285714285714,3.7142857142857144,0.42857142857142855,1.0,0.5714285714285714,0.42857142857142855,0.7142857142857143,0.0,0.42857142857142855
Itatuba,0.0,0.0,0.0,0.0,0.0,0.0,0.5714285714285714,1.4285714285714286,4.142857142857143,1.7142857142857142,3.142857142857143,1.4285714285714286,2.7142857142857144,4.571428571428571,5.142857142857143,7.428571428571429,3.142857142857143,4.142857142857143,3.7142857142857144,2.857142857142857,1.8571428571428572,1.0
Matinhas,0.0,0.0,0.0,0.0,0.0,0.14285714285714285,0.0,0.2857142857142857,1.1428571428571428,1.0,1.2857142857142858,0.42857142857142855,0.5714285714285714,1.2857142857142858,1.0,0.8571428571428571,1.4285714285714286,0.14285714285714285,0.42857142857142855,0.14285714285714285,0.14285714285714285,0.0
São José do Brejo do Cruz,0.0,0.0,0.0,0.0,0.0,0.0,0.0,0.0,0.0,0.0,0.0,0.14285714285714285,0.14285714285714285,0.14285714285714285,0.2857142857142857,0.0,0.14285714285714285,0.2857142857142857,0.2857142857142857,0.42857142857142855,0.0,0.14285714285714285
Brejo do Cruz,0.0,0.0,0.0,0.0,0.14285714285714285,0.0,0.0,0.42857142857142855,0.0,0.5714285714285714,1.8571428571428572,3.7142857142857144,3.5714285714285716,4.571428571428571,6.0,3.5714285714285716,4.142857142857143,7.571428571428571,7.0,7.0,5.285714285714286,4.0
São Domingos do Cariri,0.0,0.0,0.0,0.0,0.0,0.0,0.0,0.0,0.0,0.0,0.0,0.14285714285714285,0.5714285714285714,1.2857142857142858,1.7142857142857142,1.0,1.1428571428571428,0.2857142857142857,0.2857142857142857,0.42857142857142855,0.7142857142857143,1.0
Riachão do Poço,0.0,0.0,0.0,0.14285714285714285,0.0,0.0,0.0,0.0,0.0,0.7142857142857143,1.1428571428571428,0.42857142857142855,0.8571428571428571,1.4285714285714286,1.0,2.5714285714285716,1.4285714285714286,1.7142857142857142,1.0,0.5714285714285714,0.14285714285714285,0.2857142857142857
Princesa Isabel,0.0,0.0,0.0,0.0,0.0,0.2857142857142857,0.14285714285714285,0.2857142857142857,0.2857142857142857,1.0,0.7142857142857143,1.1428571428571428,1.4285714285714286,0.42857142857142855,0.7142857142857143,0.42857142857142855,1.5714285714285714,0.42857142857142855,1.0,1.4285714285714286,1.1428571428571428,0.42857142857142855
Cabaceiras,0.0,0.0,0.0,0.0,0.0,0.0,0.0,0.0,0.14285714285714285,0.0,0.14285714285714285,0.7142857142857143,0.42857142857142855,0.14285714285714285,0.7142857142857143,2.142857142857143,2.5714285714285716,0.7142857142857143,0.7142857142857143,0.14285714285714285,0.2857142857142857,0.7142857142857143
Diamante,0.0,0.0,0.0,0.0,0.0,0.0,0.0,0.0,0.0,0.14285714285714285,0.14285714285714285,0.0,0.0,0.14285714285714285,0.0,0.0,0.7142857142857143,6.0,8.428571428571429,7.571428571428571,8.0,3.857142857142857
Areia de Baraúnas,0.0,0.0,0.0,0.0,0.0,0.0,0.0,0.0,0.14285714285714285,0.0,0.0,0.0,0.0,0.0,0.14285714285714285,0.7142857142857143,0.42857142857142855,0.0,0.0,0.0,0.14285714285714285,0.0
Nova Olinda,0.0,0.0,0.0,0.0,0.0,0.0,0.14285714285714285,0.0,0.14285714285714285,0.0,0.2857142857142857,0.14285714285714285,0.0,0.14285714285714285,0.14285714285714285,0.0,0.42857142857142855,0.2857142857142857,0.42857142857142855,0.0,0.0,0.0
Paulista,0.0,0.0,0.0,0.0,0.0,0.0,0.0,0.42857142857142855,1.5714285714285714,0.7142857142857143,2.2857142857142856,2.4285714285714284,0.7142857142857143,1.0,0.2857142857142857,1.5714285714285714,2.0,6.714285714285714,4.571428571428571,5.428571428571429,1.2857142857142858,5.857142857142857
São Miguel de Taipu,0.0,0.0,0.0,0.0,0.0,0.0,0.8571428571428571,0.7142857142857143,0.8571428571428571,1.7142857142857142,3.142857142857143,1.1428571428571428,1.1428571428571428,0.42857142857142855,1.0,1.8571428571428572,2.2857142857142856,0.7142857142857143,1.4285714285714286,2.142857142857143,0.42857142857142855,0.14285714285714285
Frei Martinho,0.0,0.0,0.0,0.0,0.0,0.0,0.0,0.0,0.0,0.0,0.0,0.14285714285714285,0.0,0.2857142857142857,0.0,0.2857142857142857,0.0,0.14285714285714285,0.0,0.2857142857142857,0.0,1.4285714285714286
Curral de Cima,0.0,0.0,0.0,0.0,0.0,0.0,0.14285714285714285,0.14285714285714285,0.7142857142857143,0.42857142857142855,0.14285714285714285,0.2857142857142857,0.2857142857142857,0.0,0.0,0.5714285714285714,0.14285714285714285,0.5714285714285714,0.0,0.2857142857142857,0.14285714285714285,0.42857142857142855
Aroeiras,0.0,0.0,0.0,0.0,0.0,0.0,0.7142857142857143,1.1428571428571428,1.0,1.7142857142857142,2.2857142857142856,2.7142857142857144,1.0,2.5714285714285716,1.5714285714285714,3.4285714285714284,2.857142857142857,2.5714285714285716,3.142857142857143,2.0,0.5714285714285714,0.8571428571428571
Tenório,0.0,0.0,0.0,0.0,0.0,0.0,0.0,0.0,0.14285714285714285,0.0,0.14285714285714285,0.7142857142857143,0.5714285714285714,0.0,0.0,0.2857142857142857,0.14285714285714285,0.0,0.0,1.4285714285714286,0.8571428571428571,0.0
Pedras de Fogo,0.0,0.0,0.0,0.0,0.7142857142857143,1.4285714285714286,3.2857142857142856,8.571428571428571,13.0,17.142857142857142,34.57142857142857,7.714285714285714,31.857142857142858,20.428571428571427,10.428571428571429,10.428571428571429,5.714285714285714,7.0,3.4285714285714284,4.857142857142857,2.4285714285714284,1.7142857142857142
Lagoa,0.0,0.0,0.0,0.0,0.0,0.0,0.0,0.42857142857142855,0.0,0.0,0.0,0.0,0.0,0.0,0.14285714285714285,0.0,0.0,0.2857142857142857,0.0,0.0,0.0,0.0
Sossêgo,0.0,0.0,0.0,0.0,0.0,0.0,0.0,0.0,0.0,0.0,0.14285714285714285,0.42857142857142855,0.0,0.14285714285714285,0.2857142857142857,0.14285714285714285,0.0,0.14285714285714285,0.0,0.2857142857142857,0.5714285714285714,0.0
Salgadinho,0.0,0.0,0.0,0.0,0.0,0.0,0.0,0.0,0.7142857142857143,0.0,0.42857142857142855,0.0,0.14285714285714285,0.14285714285714285,0.14285714285714285,0.14285714285714285,0.14285714285714285,1.2857142857142858,0.5714285714285714,0.42857142857142855,0.0,0.2857142857142857
Catolé do Rocha,0.0,0.0,0.0,0.0,0.0,0.0,0.0,1.7142857142857142,2.857142857142857,4.0,1.7142857142857142,3.5714285714285716,4.571428571428571,5.285714285714286,1.1428571428571428,4.0,3.142857142857143,2.142857142857143,6.571428571428571,5.0,6.428571428571429,4.857142857142857
Jacaraú,0.0,0.0,0.0,0.0,0.0,0.0,0.2857142857142857,0.7142857142857143,0.0,1.2857142857142858,2.5714285714285716,2.2857142857142856,6.571428571428571,3.7142857142857144,4.0,4.714285714285714,4.714285714285714,6.285714285714286,4.0,0.5714285714285714,0.2857142857142857,0.42857142857142855
Sousa,0.14285714285714285,0.0,0.0,0.14285714285714285,1.4285714285714286,1.0,4.857142857142857,6.714285714285714,7.428571428571429,12.714285714285714,15.571428571428571,5.0,10.428571428571429,16.714285714285715,8.0,29.428571428571427,13.714285714285714,24.0,33.857142857142854,17.142857142857142,12.142857142857142,14.0
Pocinhos,0.0,0.0,0.0,0.0,0.0,0.0,0.14285714285714285,0.0,0.7142857142857143,0.5714285714285714,0.7142857142857143,1.8571428571428572,2.5714285714285716,1.5714285714285714,1.2857142857142858,1.4285714285714286,2.4285714285714284,2.142857142857143,3.142857142857143,1.7142857142857142,3.142857142857143,2.857142857142857
Natuba,0.0,0.0,0.0,0.0,0.0,0.0,0.14285714285714285,0.0,0.7142857142857143,0.42857142857142855,0.5714285714285714,0.8571428571428571,1.8571428571428572,1.5714285714285714,0.2857142857142857,0.2857142857142857,0.14285714285714285,0.0,0.42857142857142855,1.1428571428571428,0.5714285714285714,0.0
Dona Inês,0.0,0.0,0.0,0.0,0.0,0.0,0.0,0.0,0.2857142857142857,0.14285714285714285,0.2857142857142857,0.14285714285714285,0.2857142857142857,2.2857142857142856,1.2857142857142858,2.2857142857142856,4.428571428571429,0.42857142857142855,0.7142857142857143,0.0,0.0,1.2857142857142858
São Mamede,0.0,0.0,0.0,0.0,0.0,0.0,0.0,0.8571428571428571,0.8571428571428571,0.5714285714285714,0.5714285714285714,0.2857142857142857,0.2857142857142857,0.7142857142857143,0.5714285714285714,0.2857142857142857,0.14285714285714285,0.5714285714285714,-0.2857142857142857,0.0,0.8571428571428571,0.42857142857142855
Pilõezinhos,0.0,0.0,0.0,0.0,0.0,0.2857142857142857,0.7142857142857143,1.1428571428571428,5.142857142857143,2.4285714285714284,2.7142857142857144,1.7142857142857142,2.142857142857143,6.285714285714286,2.142857142857143,2.4285714285714284,1.8571428571428572,0.8571428571428571,2.7142857142857144,2.142857142857143,3.142857142857143,4.285714285714286
Uiraúna,0.0,0.0,0.0,0.0,0.0,0.14285714285714285,0.14285714285714285,0.2857142857142857,0.0,0.0,0.5714285714285714,1.0,0.42857142857142855,1.0,0.42857142857142855,0.42857142857142855,1.1428571428571428,1.4285714285714286,3.142857142857143,3.857142857142857,4.142857142857143,4.142857142857143
Itabaiana,0.0,0.0,0.0,0.14285714285714285,0.14285714285714285,0.14285714285714285,1.8571428571428572,4.142857142857143,14.0,15.0,17.571428571428573,4.142857142857143,15.857142857142858,13.285714285714286,24.285714285714285,14.857142857142858,8.857142857142858,5.142857142857143,5.714285714285714,3.5714285714285716,2.2857142857142856,2.4285714285714284
Gurinhém,0.0,0.0,0.0,0.0,0.14285714285714285,0.14285714285714285,0.5714285714285714,1.4285714285714286,2.142857142857143,3.4285714285714284,3.5714285714285716,2.7142857142857144,5.428571428571429,8.571428571428571,4.142857142857143,10.285714285714286,8.428571428571429,5.428571428571429,1.7142857142857142,2.5714285714285716,1.0,0.8571428571428571
Aparecida,0.0,0.0,0.0,0.0,0.0,0.0,0.0,0.14285714285714285,0.42857142857142855,0.5714285714285714,0.2857142857142857,0.42857142857142855,1.1428571428571428,1.1428571428571428,1.0,0.7142857142857143,1.2857142857142858,1.0,1.2857142857142858,0.5714285714285714,1.5714285714285714,0.2857142857142857
Maturéia,0.0,0.0,0.0,0.0,0.0,0.0,0.14285714285714285,0.8571428571428571,0.42857142857142855,0.14285714285714285,0.42857142857142855,0.42857142857142855,0.2857142857142857,0.7142857142857143,0.14285714285714285,0.0,0.0,0.42857142857142855,0.7142857142857143,1.0,1.1428571428571428,1.0
São José da Lagoa Tapada,0.0,0.0,0.0,0.0,0.0,0.0,0.0,1.7142857142857142,0.14285714285714285,0.2857142857142857,0.14285714285714285,0.14285714285714285,0.14285714285714285,0.14285714285714285,-0.14285714285714285,1.7142857142857142,1.0,0.7142857142857143,1.2857142857142858,0.42857142857142855,0.5714285714285714,0.2857142857142857
São José de Espinharas,0.0,0.0,0.0,0.0,0.0,0.14285714285714285,0.14285714285714285,0.0,0.14285714285714285,0.0,0.2857142857142857,0.0,0.0,0.2857142857142857,0.42857142857142855,0.2857142857142857,0.5714285714285714,0.8571428571428571,1.2857142857142858,2.2857142857142856,1.5714285714285714,1.1428571428571428
Solânea,0.0,0.0,0.0,0.0,0.0,0.0,1.0,0.7142857142857143,5.285714285714286,4.714285714285714,3.2857142857142856,1.2857142857142858,3.4285714285714284,4.857142857142857,3.0,5.0,5.142857142857143,7.0,12.142857142857142,10.714285714285714,10.857142857142858,13.857142857142858
São José de Princesa,0.0,0.0,0.0,0.0,0.0,0.0,0.0,0.0,0.0,0.0,0.0,0.0,0.0,0.14285714285714285,0.0,0.0,0.14285714285714285,0.0,-0.14285714285714285,0.0,0.14285714285714285,0.0
Imaculada,0.0,0.0,0.0,0.0,0.0,0.42857142857142855,0.0,0.14285714285714285,0.14285714285714285,0.42857142857142855,0.2857142857142857,0.14285714285714285,0.2857142857142857,0.14285714285714285,1.4285714285714286,0.2857142857142857,1.1428571428571428,0.7142857142857143,0.0,1.5714285714285714,0.2857142857142857,1.2857142857142858
Taperoá,0.0,0.0,0.14285714285714285,0.0,0.14285714285714285,1.5714285714285714,0.8571428571428571,1.0,1.1428571428571428,0.14285714285714285,0.2857142857142857,0.0,0.7142857142857143,1.2857142857142858,0.0,0.2857142857142857,0.8571428571428571,0.8571428571428571,0.2857142857142857,0.42857142857142855,3.2857142857142856,0.8571428571428571
São Bentinho,0.0,0.0,0.0,0.0,0.0,0.0,0.0,0.0,1.2857142857142858,0.14285714285714285,0.5714285714285714,0.2857142857142857,0.5714285714285714,0.0,0.5714285714285714,1.2857142857142858,0.5714285714285714,0.42857142857142855,0.14285714285714285,0.2857142857142857,2.7142857142857144,1.1428571428571428
Araçagi,0.0,0.0,0.0,0.0,0.14285714285714285,0.2857142857142857,0.42857142857142855,3.2857142857142856,-0.7142857142857143,3.0,7.857142857142857,2.142857142857143,12.714285714285714,13.0,4.714285714285714,10.428571428571429,2.7142857142857144,4.714285714285714,2.7142857142857144,1.4285714285714286,1.7142857142857142,0.5714285714285714
Alagoa Nova,0.0,0.0,0.0,0.14285714285714285,0.0,0.0,0.14285714285714285,0.7142857142857143,1.7142857142857142,4.428571428571429,4.428571428571429,3.857142857142857,5.285714285714286,3.2857142857142856,3.857142857142857,3.4285714285714284,2.142857142857143,1.4285714285714286,2.0,1.1428571428571428,1.5714285714285714,2.5714285714285716
Casserengue,0.0,0.0,0.0,0.0,0.0,0.14285714285714285,0.0,0.0,0.8571428571428571,1.7142857142857142,3.857142857142857,3.857142857142857,2.857142857142857,4.285714285714286,3.142857142857143,3.2857142857142856,2.0,3.5714285714285716,3.0,6.142857142857143,8.714285714285714,1.2857142857142858
Fagundes,0.0,0.0,0.0,0.0,0.0,0.0,0.0,0.2857142857142857,0.5714285714285714,0.42857142857142855,0.8571428571428571,1.1428571428571428,1.8571428571428572,1.4285714285714286,1.4285714285714286,1.1428571428571428,1.5714285714285714,0.7142857142857143,1.2857142857142858,1.8571428571428572,0.7142857142857143,0.14285714285714285
Catingueira,0.0,0.0,0.0,0.0,0.14285714285714285,0.0,0.0,0.14285714285714285,0.14285714285714285,0.2857142857142857,0.14285714285714285,0.2857142857142857,0.5714285714285714,0.2857142857142857,0.14285714285714285,0.0,0.2857142857142857,0.0,0.0,0.0,0.0,0.2857142857142857
Igaracy,0.14285714285714285,0.0,0.0,0.0,0.0,0.0,0.0,0.14285714285714285,0.0,0.0,0.0,0.0,0.0,0.14285714285714285,0.14285714285714285,0.0,0.0,0.5714285714285714,0.0,0.42857142857142855,0.0,0.0
Sapé,0.0,0.0,0.14285714285714285,1.0,2.2857142857142856,4.428571428571429,6.0,4.142857142857143,8.285714285714286,12.857142857142858,4.0,8.857142857142858,11.428571428571429,11.142857142857142,14.857142857142858,10.142857142857142,13.285714285714286,12.428571428571429,6.0,11.428571428571429,12.0,2.142857142857143
Coxixola,0.0,0.0,0.0,0.0,0.14285714285714285,0.2857142857142857,0.0,0.0,0.14285714285714285,0.42857142857142855,0.14285714285714285,0.0,0.14285714285714285,0.42857142857142855,0.0,0.5714285714285714,0.0,0.5714285714285714,1.2857142857142858,0.5714285714285714,0.14285714285714285,0.14285714285714285
Riachão do Bacamarte,0.0,0.0,0.0,0.0,0.0,0.0,0.7142857142857143,3.7142857142857144,4.714285714285714,6.857142857142857,3.4285714285714284,1.4285714285714286,2.2857142857142856,3.7142857142857144,0.5714285714285714,1.0,0.7142857142857143,1.1428571428571428,1.2857142857142858,0.42857142857142855,0.5714285714285714,0.8571428571428571
Barra de São Miguel,0.0,0.0,0.0,0.14285714285714285,0.0,0.0,0.0,0.0,0.14285714285714285,0.14285714285714285,0.14285714285714285,0.14285714285714285,0.14285714285714285,0.0,0.42857142857142855,1.5714285714285714,1.8571428571428572,0.5714285714285714,0.5714285714285714,1.0,0.7142857142857143,0.5714285714285714
Esperança,0.0,0.0,0.0,0.0,0.2857142857142857,0.0,0.5714285714285714,1.7142857142857142,4.571428571428571,2.7142857142857144,8.714285714285714,5.571428571428571,7.142857142857143,5.714285714285714,6.285714285714286,5.285714285714286,4.0,4.0,2.7142857142857144,4.428571428571429,3.2857142857142856,4.285714285714286
Puxinanã,0.0,0.0,0.0,0.0,0.0,0.0,0.14285714285714285,0.14285714285714285,3.142857142857143,3.7142857142857144,4.571428571428571,2.4285714285714284,7.285714285714286,5.142857142857143,2.142857142857143,2.142857142857143,1.1428571428571428,3.0,0.7142857142857143,1.5714285714285714,2.0,0.7142857142857143
Santana de Mangueira,0.0,0.0,0.0,0.0,0.0,0.0,0.0,0.0,0.0,0.0,0.0,0.0,0.14285714285714285,0.0,0.42857142857142855,0.14285714285714285,0.0,0.0,0.0,0.14285714285714285,0.0,0.5714285714285714
Pitimbu,0.0,0.0,0.0,0.0,0.0,0.8571428571428571,1.4285714285714286,5.857142857142857,1.5714285714285714,8.571428571428571,15.571428571428571,16.428571428571427,11.428571428571429,8.428571428571429,5.571428571428571,2.7142857142857144,2.2857142857142856,1.1428571428571428,0.42857142857142855,0.7142857142857143,4.285714285714286,0.8571428571428571
Cajazeirinhas,0.0,0.0,0.0,0.0,0.0,0.0,0.14285714285714285,0.0,0.0,0.0,0.0,0.0,0.0,0.0,0.0,0.42857142857142855,1.2857142857142858,0.8571428571428571,0.42857142857142855,0.2857142857142857,1.1428571428571428,0.2857142857142857
Pombal,0.0,0.0,0.0,0.2857142857142857,0.0,0.0,0.5714285714285714,1.0,3.7142857142857144,4.857142857142857,2.2857142857142856,2.142857142857143,4.571428571428571,2.5714285714285716,2.7142857142857144,5.142857142857143,8.571428571428571,9.285714285714286,9.0,10.857142857142858,6.428571428571429,7.857142857142857
Caiçara,0.0,0.0,0.0,0.0,0.0,0.2857142857142857,0.7142857142857143,0.7142857142857143,1.2857142857142858,1.0,2.4285714285714284,3.0,9.142857142857142,13.571428571428571,8.285714285714286,4.857142857142857,4.714285714285714,3.142857142857143,1.8571428571428572,3.5714285714285716,2.7142857142857144,1.7142857142857142
Cacimba de Dentro,0.0,0.0,0.0,0.0,0.0,0.0,0.0,0.5714285714285714,2.7142857142857144,0.8571428571428571,0.7142857142857143,0.2857142857142857,0.5714285714285714,1.4285714285714286,1.5714285714285714,5.285714285714286,5.714285714285714,6.142857142857143,6.285714285714286,4.285714285714286,1.4285714285714286,5.571428571428571
Gado Bravo,0.0,0.0,0.0,0.0,0.0,0.0,0.2857142857142857,1.4285714285714286,1.2857142857142858,2.0,1.8571428571428572,0.2857142857142857,0.7142857142857143,1.4285714285714286,1.5714285714285714,0.14285714285714285,0.42857142857142855,1.7142857142857142,-0.14285714285714285,0.14285714285714285,0.42857142857142855,0.7142857142857143
Ingá,0.0,0.0,0.0,0.0,0.0,0.0,0.14285714285714285,1.2857142857142858,3.142857142857143,8.571428571428571,8.428571428571429,3.857142857142857,13.142857142857142,15.714285714285714,4.285714285714286,31.714285714285715,7.0,35.57142857142857,19.428571428571427,7.857142857142857,10.142857142857142,15.714285714285714
Mataraca,0.0,0.0,0.0,0.0,0.0,0.14285714285714285,0.0,1.2857142857142858,1.8571428571428572,1.0,1.7142857142857142,3.142857142857143,2.4285714285714284,0.8571428571428571,4.714285714285714,0.7142857142857143,2.7142857142857144,0.7142857142857143,1.0,1.4285714285714286,6.0,0.5714285714285714
Boqueirão,0.0,0.0,0.0,0.0,0.14285714285714285,0.0,0.14285714285714285,0.42857142857142855,1.0,3.0,3.857142857142857,1.8571428571428572,2.0,7.571428571428571,3.0,7.0,6.714285714285714,4.714285714285714,4.142857142857143,3.142857142857143,3.5714285714285716,1.2857142857142858
Montadas,0.0,0.0,0.0,0.0,0.0,0.0,0.0,0.14285714285714285,0.42857142857142855,1.1428571428571428,0.8571428571428571,0.8571428571428571,0.5714285714285714,0.5714285714285714,0.2857142857142857,0.14285714285714285,0.14285714285714285,0.2857142857142857,0.14285714285714285,0.42857142857142855,0.7142857142857143,0.2857142857142857
Livramento,0.0,0.0,0.0,0.0,0.0,0.0,0.0,0.0,0.14285714285714285,-0.14285714285714285,0.0,1.0,3.142857142857143,1.8571428571428572,0.42857142857142855,1.4285714285714286,1.1428571428571428,1.4285714285714286,1.0,1.1428571428571428,1.5714285714285714,0.8571428571428571
São João do Rio do Peixe,0.0,0.0,0.14285714285714285,0.0,0.5714285714285714,0.14285714285714285,0.0,0.0,0.14285714285714285,0.8571428571428571,1.4285714285714286,0.7142857142857143,0.14285714285714285,2.7142857142857144,6.0,3.7142857142857144,4.428571428571429,5.142857142857143,5.0,3.5714285714285716,2.857142857142857,4.142857142857143
Patos,0.14285714285714285,0.0,0.42857142857142855,0.5714285714285714,1.2857142857142858,3.2857142857142856,19.142857142857142,28.571428571428573,14.857142857142858,29.857142857142858,25.571428571428573,12.0,33.857142857142854,42.42857142857143,66.85714285714286,22.428571428571427,26.571428571428573,31.714285714285715,41.57142857142857,52.142857142857146,37.142857142857146,18.0
Guarabira,0.0,0.0,0.0,0.0,0.5714285714285714,4.571428571428571,12.0,16.857142857142858,36.42857142857143,41.285714285714285,45.142857142857146,42.57142857142857,71.14285714285714,62.285714285714285,35.857142857142854,39.57142857142857,37.57142857142857,33.857142857142854,25.428571428571427,22.142857142857142,28.428571428571427,22.0
Pilar,0.0,0.0,0.0,0.0,0.0,0.5714285714285714,1.4285714285714286,1.2857142857142858,2.0,1.4285714285714286,2.142857142857143,2.5714285714285716,5.714285714285714,4.714285714285714,5.0,3.5714285714285716,3.142857142857143,3.5714285714285716,3.4285714285714284,3.5714285714285716,9.571428571428571,5.142857142857143
Teixeira,0.0,0.0,0.0,0.0,0.0,0.0,0.14285714285714285,1.1428571428571428,0.5714285714285714,1.7142857142857142,1.0,0.8571428571428571,2.7142857142857144,2.142857142857143,2.0,2.7142857142857144,0.2857142857142857,4.571428571428571,2.857142857142857,0.14285714285714285,0.7142857142857143,0.7142857142857143
Barra de Santana,0.0,0.0,0.0,0.0,0.0,0.0,0.5714285714285714,0.7142857142857143,0.5714285714285714,0.8571428571428571,1.4285714285714286,1.2857142857142858,1.1428571428571428,1.7142857142857142,1.2857142857142858,0.5714285714285714,0.2857142857142857,1.2857142857142858,0.5714285714285714,0.8571428571428571,1.5714285714285714,0.2857142857142857
Coremas,0.0,0.0,0.0,0.14285714285714285,0.0,0.2857142857142857,0.7142857142857143,0.42857142857142855,0.2857142857142857,0.5714285714285714,0.42857142857142855,0.42857142857142855,0.2857142857142857,1.0,1.1428571428571428,3.857142857142857,2.5714285714285716,4.857142857142857,1.0,0.5714285714285714,0.0,0.42857142857142855
Santa Cruz,0.0,0.0,0.0,0.0,0.0,0.0,0.0,0.0,0.0,0.0,0.2857142857142857,0.42857142857142855,0.5714285714285714,0.5714285714285714,0.14285714285714285,0.14285714285714285,1.1428571428571428,2.5714285714285716,1.1428571428571428,0.8571428571428571,0.42857142857142855,0.14285714285714285
Santa Luzia,0.0,0.0,0.0,0.0,0.0,0.14285714285714285,0.42857142857142855,1.8571428571428572,2.857142857142857,5.0,5.571428571428571,2.142857142857143,4.571428571428571,1.7142857142857142,1.1428571428571428,1.1428571428571428,0.7142857142857143,1.8571428571428572,1.7142857142857142,2.0,3.0,1.5714285714285714
Arara,0.0,0.0,0.0,0.0,0.0,0.0,0.0,0.8571428571428571,0.2857142857142857,1.8571428571428572,1.7142857142857142,1.8571428571428572,2.857142857142857,3.7142857142857144,3.4285714285714284,3.2857142857142856,2.7142857142857144,2.2857142857142856,0.5714285714285714,2.5714285714285716,0.8571428571428571,2.142857142857143
Nova Palmeira,0.0,0.0,0.0,0.0,0.0,0.0,0.0,0.0,0.0,0.42857142857142855,1.2857142857142858,0.5714285714285714,1.2857142857142858,1.2857142857142858,0.7142857142857143,0.14285714285714285,0.0,1.5714285714285714,1.0,1.0,1.2857142857142858,0.5714285714285714
Duas Estradas,0.0,0.0,0.0,0.0,0.0,0.0,0.14285714285714285,0.8571428571428571,1.1428571428571428,1.8571428571428572,1.0,0.2857142857142857,0.42857142857142855,0.2857142857142857,0.2857142857142857,0.14285714285714285,1.0,1.1428571428571428,1.5714285714285714,1.2857142857142858,0.2857142857142857,0.2857142857142857
Passagem,0.0,0.0,0.0,0.0,0.0,0.0,0.0,0.14285714285714285,0.42857142857142855,1.2857142857142858,0.0,0.5714285714285714,1.2857142857142858,0.42857142857142855,0.14285714285714285,0.0,0.0,0.0,0.0,0.0,0.0,0.0
Mulungu,0.0,0.0,0.0,0.0,0.0,0.42857142857142855,0.0,0.42857142857142855,1.2857142857142858,3.142857142857143,3.857142857142857,4.0,4.428571428571429,7.857142857142857,5.142857142857143,5.0,3.142857142857143,3.4285714285714284,2.2857142857142856,3.142857142857143,5.857142857142857,2.7142857142857144
Vieirópolis,0.0,0.0,0.0,0.0,0.0,0.0,0.0,0.2857142857142857,0.0,0.14285714285714285,0.0,0.0,0.14285714285714285,0.0,0.0,0.0,0.0,0.0,0.14285714285714285,0.14285714285714285,0.14285714285714285,0.14285714285714285
João Pessoa,2.142857142857143,3.5714285714285716,12.0,15.142857142857142,38.42857142857143,58.285714285714285,77.71428571428571,110.71428571428571,178.0,263.85714285714283,259.14285714285717,264.42857142857144,340.7142857142857,372.57142857142856,262.85714285714283,227.14285714285714,251.28571428571428,262.0,239.28571428571428,184.0,190.85714285714286,175.71428571428572
Alhandra,0.0,0.0,0.0,0.0,0.14285714285714285,2.0,5.0,2.7142857142857144,6.285714285714286,8.428571428571429,7.0,5.285714285714286,4.428571428571429,7.428571428571429,6.571428571428571,11.142857142857142,4.857142857142857,11.428571428571429,1.4285714285714286,1.7142857142857142,2.4285714285714284,1.4285714285714286
São José do Bonfim,0.0,0.0,0.0,0.0,0.14285714285714285,0.0,0.14285714285714285,0.42857142857142855,0.7142857142857143,0.7142857142857143,1.8571428571428572,1.7142857142857142,0.5714285714285714,0.8571428571428571,0.14285714285714285,0.2857142857142857,0.2857142857142857,0.14285714285714285,0.2857142857142857,0.0,0.14285714285714285,0.0
Zabelê,0.0,0.0,0.0,0.0,0.0,0.0,0.0,0.0,0.0,0.0,0.0,0.14285714285714285,0.0,0.0,0.7142857142857143,0.42857142857142855,1.5714285714285714,0.14285714285714285,0.2857142857142857,0.42857142857142855,0.2857142857142857,0.2857142857142857
Nova Floresta,0.0,0.0,0.0,0.0,0.0,0.14285714285714285,0.0,0.0,0.0,0.42857142857142855,0.2857142857142857,0.0,0.8571428571428571,0.7142857142857143,1.0,1.2857142857142858,1.7142857142857142,0.7142857142857143,0.42857142857142855,1.2857142857142858,0.7142857142857143,0.5714285714285714
Bananeiras,0.0,0.0,0.0,0.0,0.0,0.0,1.1428571428571428,0.8571428571428571,0.2857142857142857,2.857142857142857,1.5714285714285714,1.2857142857142858,2.142857142857143,1.0,2.5714285714285716,1.5714285714285714,1.5714285714285714,5.285714285714286,1.7142857142857142,6.571428571428571,8.285714285714286,7.857142857142857
Cuitegi,0.0,0.0,0.0,0.0,0.0,0.0,0.7142857142857143,1.5714285714285714,3.857142857142857,1.5714285714285714,1.1428571428571428,1.4285714285714286,3.0,6.428571428571429,5.285714285714286,7.0,5.0,8.571428571428571,3.5714285714285716,5.285714285714286,2.5714285714285716,0.0
Poço de José de Moura,0.0,0.0,0.0,0.0,0.0,0.0,0.0,0.0,0.0,0.0,0.0,0.0,0.0,0.0,0.0,0.14285714285714285,0.42857142857142855,1.0,1.0,1.2857142857142858,0.2857142857142857,0.14285714285714285
Cacimba de Areia,0.0,0.0,0.0,0.0,0.0,0.0,0.0,0.0,0.0,0.7142857142857143,0.0,0.2857142857142857,0.0,0.0,0.0,0.0,0.0,0.14285714285714285,0.0,0.0,0.14285714285714285,0.0
Pedra Lavrada,0.0,0.0,0.0,0.0,0.0,0.0,0.0,0.0,0.0,0.14285714285714285,2.0,0.2857142857142857,0.42857142857142855,0.14285714285714285,0.2857142857142857,0.5714285714285714,0.5714285714285714,0.2857142857142857,0.14285714285714285,0.14285714285714285,0.0,0.0
Serraria,0.0,0.0,0.0,0.0,0.0,0.0,0.14285714285714285,0.14285714285714285,1.1428571428571428,0.5714285714285714,1.0,-0.14285714285714285,0.2857142857142857,0.7142857142857143,1.2857142857142858,5.0,3.4285714285714284,4.285714285714286,2.142857142857143,3.142857142857143,1.2857142857142858,-0.14285714285714285
Várzea,0.0,0.0,0.0,0.0,0.0,0.0,0.0,0.14285714285714285,0.0,0.0,0.14285714285714285,0.0,0.7142857142857143,0.0,0.14285714285714285,0.14285714285714285,0.2857142857142857,0.2857142857142857,0.2857142857142857,0.0,0.2857142857142857,0.2857142857142857
Vista Serrana,0.0,0.0,0.0,0.0,0.0,0.0,0.14285714285714285,0.0,0.0,0.0,0.0,0.14285714285714285,0.14285714285714285,-0.14285714285714285,0.0,0.14285714285714285,-0.14285714285714285,0.0,0.5714285714285714,0.42857142857142855,0.5714285714285714,0.2857142857142857
Pedra Branca,0.0,0.0,0.0,0.0,0.0,0.0,0.0,0.0,0.0,0.0,0.0,0.0,0.0,0.0,0.0,0.14285714285714285,0.0,0.0,0.0,0.0,0.0,0.0
Cuité de Mamanguape,0.0,0.0,0.0,0.0,0.0,0.0,0.14285714285714285,0.14285714285714285,0.14285714285714285,1.0,1.7142857142857142,0.42857142857142855,1.7142857142857142,2.857142857142857,1.0,2.4285714285714284,1.7142857142857142,1.0,0.42857142857142855,0.42857142857142855,0.8571428571428571,1.1428571428571428
Caldas Brandão,0.0,0.0,0.0,0.0,0.0,0.0,0.0,0.5714285714285714,1.4285714285714286,0.5714285714285714,1.4285714285714286,1.0,3.2857142857142856,3.5714285714285716,2.857142857142857,2.857142857142857,2.142857142857143,3.4285714285714284,4.714285714285714,4.428571428571429,2.4285714285714284,0.14285714285714285
Cacimbas,0.0,0.0,0.0,0.0,0.0,0.0,0.0,0.0,0.2857142857142857,0.42857142857142855,2.7142857142857144,0.5714285714285714,0.2857142857142857,1.1428571428571428,0.14285714285714285,0.2857142857142857,0.0,0.42857142857142855,-0.2857142857142857,0.5714285714285714,0.0,0.14285714285714285
Olho d'Água,0.0,0.0,0.0,0.0,0.0,0.0,0.14285714285714285,0.0,0.8571428571428571,1.4285714285714286,1.1428571428571428,0.0,0.42857142857142855,0.2857142857142857,0.7142857142857143,0.2857142857142857,-0.14285714285714285,0.14285714285714285,0.2857142857142857,0.14285714285714285,0.0,0.14285714285714285
Borborema,0.0,0.0,0.0,0.0,0.0,0.0,0.14285714285714285,0.0,0.0,0.14285714285714285,0.0,0.0,0.2857142857142857,0.2857142857142857,0.14285714285714285,0.0,0.14285714285714285,0.7142857142857143,1.1428571428571428,2.5714285714285716,0.14285714285714285,0.14285714285714285
Serra Redonda,0.0,0.0,0.0,0.0,0.0,0.14285714285714285,0.14285714285714285,0.0,3.4285714285714284,3.857142857142857,3.4285714285714284,1.5714285714285714,3.7142857142857144,2.7142857142857144,2.857142857142857,1.7142857142857142,2.857142857142857,4.428571428571429,2.142857142857143,2.7142857142857144,1.5714285714285714,0.14285714285714285
São Sebastião do Umbuzeiro,0.0,0.0,0.0,0.0,0.0,0.0,0.0,0.0,0.14285714285714285,0.42857142857142855,0.0,0.0,0.0,0.0,0.0,0.14285714285714285,0.2857142857142857,-0.14285714285714285,0.7142857142857143,0.5714285714285714,0.42857142857142855,0.2857142857142857
Manaíra,0.0,0.0,0.0,0.0,0.0,0.0,0.0,0.14285714285714285,0.14285714285714285,0.0,0.0,0.0,0.7142857142857143,0.0,0.0,0.14285714285714285,0.14285714285714285,0.14285714285714285,0.14285714285714285,0.0,0.0,0.14285714285714285
Monte Horebe,0.0,0.0,0.0,0.0,0.0,0.0,0.0,0.0,0.0,0.0,0.0,0.0,0.0,0.0,0.0,0.14285714285714285,0.2857142857142857,1.1428571428571428,0.42857142857142855,0.2857142857142857,2.0,0.7142857142857143
Cruz do Espírito Santo,0.0,0.0,0.0,0.14285714285714285,0.2857142857142857,0.8571428571428571,2.2857142857142856,8.714285714285714,1.4285714285714286,4.571428571428571,2.0,3.5714285714285716,1.8571428571428572,0.2857142857142857,6.428571428571429,2.4285714285714284,1.2857142857142858,1.5714285714285714,0.7142857142857143,-0.2857142857142857,1.8571428571428572,0.8571428571428571
Caturité,0.0,0.0,0.0,0.0,0.0,0.0,0.0,0.14285714285714285,1.4285714285714286,0.7142857142857143,1.2857142857142858,1.5714285714285714,2.0,1.4285714285714286,0.2857142857142857,0.2857142857142857,0.5714285714285714,3.2857142857142856,0.8571428571428571,0.2857142857142857,0.42857142857142855,0.14285714285714285
Areial,0.0,0.0,0.0,0.0,0.0,0.0,0.14285714285714285,0.42857142857142855,0.5714285714285714,0.7142857142857143,0.5714285714285714,0.14285714285714285,1.2857142857142858,0.2857142857142857,0.5714285714285714,0.5714285714285714,0.14285714285714285,0.2857142857142857,0.42857142857142855,0.7142857142857143,0.0,0.2857142857142857
São Francisco,0.0,0.0,0.0,0.0,0.0,0.0,0.0,0.0,0.2857142857142857,0.2857142857142857,0.2857142857142857,0.14285714285714285,0.0,0.0,0.5714285714285714,1.1428571428571428,2.0,0.0,0.0,0.0,0.14285714285714285,0.0
Umbuzeiro,0.0,0.0,0.0,0.0,0.14285714285714285,0.14285714285714285,0.7142857142857143,1.4285714285714286,-0.14285714285714285,0.0,0.2857142857142857,0.0,1.7142857142857142,0.5714285714285714,1.5714285714285714,1.7142857142857142,0.42857142857142855,1.4285714285714286,0.7142857142857143,0.14285714285714285,0.14285714285714285,0.14285714285714285
Riacho dos Cavalos,0.0,0.0,0.0,0.0,0.14285714285714285,0.0,0.14285714285714285,0.0,0.0,0.0,0.0,0.14285714285714285,-0.14285714285714285,0.2857142857142857,0.14285714285714285,0.14285714285714285,0.2857142857142857,0.2857142857142857,0.2857142857142857,0.2857142857142857,0.0,0.0
Brejo dos Santos,0.0,0.0,0.0,0.0,0.0,0.0,0.0,0.0,0.0,0.0,0.14285714285714285,0.2857142857142857,0.14285714285714285,0.2857142857142857,0.2857142857142857,1.0,0.2857142857142857,0.42857142857142855,0.2857142857142857,0.42857142857142855,0.5714285714285714,2.7142857142857144
Santa Teresinha,0.0,0.0,0.0,0.0,0.0,0.0,0.14285714285714285,0.2857142857142857,1.2857142857142858,0.7142857142857143,0.2857142857142857,0.7142857142857143,0.2857142857142857,0.5714285714285714,1.1428571428571428,1.1428571428571428,0.2857142857142857,0.42857142857142855,0.2857142857142857,0.14285714285714285,0.0,0.42857142857142855
Areia,0.0,0.0,0.0,0.0,0.14285714285714285,0.2857142857142857,0.7142857142857143,3.142857142857143,2.0,3.142857142857143,4.0,2.5714285714285716,5.142857142857143,2.7142857142857144,3.5714285714285716,3.7142857142857144,7.857142857142857,6.714285714285714,5.571428571428571,2.857142857142857,4.571428571428571,3.7142857142857144
Nazarezinho,0.0,0.0,0.0,0.0,0.0,0.0,0.0,0.0,0.0,0.14285714285714285,0.14285714285714285,0.2857142857142857,0.0,0.42857142857142855,0.14285714285714285,0.5714285714285714,1.4285714285714286,1.4285714285714286,0.2857142857142857,0.2857142857142857,0.2857142857142857,1.0
Logradouro,0.0,0.0,0.0,0.0,0.0,0.0,0.0,1.0,0.42857142857142855,0.14285714285714285,1.1428571428571428,0.2857142857142857,2.5714285714285716,2.7142857142857144,2.7142857142857144,4.0,1.0,0.5714285714285714,0.8571428571428571,1.1428571428571428,1.8571428571428572,1.0
Salgado de São Félix,0.0,0.0,0.0,0.0,0.0,0.0,0.2857142857142857,1.4285714285714286,1.8571428571428572,1.5714285714285714,1.0,2.5714285714285716,3.4285714285714284,2.5714285714285716,3.2857142857142856,3.5714285714285716,3.4285714285714284,4.285714285714286,1.7142857142857142,4.142857142857143,-0.14285714285714285,1.8571428571428572
São João do Cariri,0.0,0.0,0.0,0.0,0.0,0.0,0.0,0.0,0.14285714285714285,1.2857142857142858,0.14285714285714285,1.4285714285714286,0.42857142857142855,0.5714285714285714,1.2857142857142858,3.5714285714285716,3.0,1.4285714285714286,0.2857142857142857,0.2857142857142857,0.2857142857142857,0.7142857142857143
Mamanguape,0.0,0.0,0.0,0.0,0.0,0.5714285714285714,1.2857142857142858,2.142857142857143,11.428571428571429,14.285714285714286,35.0,31.714285714285715,50.57142857142857,34.42857142857143,37.285714285714285,28.857142857142858,26.285714285714285,15.428571428571429,11.428571428571429,8.714285714285714,6.857142857142857,4.142857142857143
Belém do Brejo do Cruz,0.0,0.0,0.0,0.0,0.0,0.0,0.0,0.14285714285714285,0.0,0.14285714285714285,0.42857142857142855,0.14285714285714285,0.14285714285714285,0.14285714285714285,0.7142857142857143,0.42857142857142855,0.14285714285714285,1.0,0.5714285714285714,0.42857142857142855,0.8571428571428571,2.0
Lucena,0.0,0.0,0.0,0.0,0.42857142857142855,0.8571428571428571,2.0,2.4285714285714284,2.0,4.428571428571429,1.7142857142857142,6.142857142857143,2.142857142857143,4.428571428571429,4.142857142857143,3.857142857142857,6.285714285714286,5.714285714285714,3.0,2.857142857142857,5.428571428571429,5.428571428571429
Amparo,0.0,0.0,0.0,0.0,0.0,0.0,0.0,1.4285714285714286,0.14285714285714285,0.14285714285714285,0.0,0.0,0.0,0.0,0.0,0.0,0.2857142857142857,0.2857142857142857,0.14285714285714285,0.0,0.0,0.0
Bom Jesus,0.0,0.0,0.0,0.14285714285714285,0.0,0.0,0.0,0.0,0.0,0.0,0.14285714285714285,0.0,0.14285714285714285,0.42857142857142855,0.0,0.14285714285714285,0.14285714285714285,0.14285714285714285,-0.14285714285714285,0.0,0.2857142857142857,0.5714285714285714
Itaporanga,0.0,0.0,0.0,0.0,0.0,0.2857142857142857,0.0,0.2857142857142857,-0.14285714285714285,0.0,0.5714285714285714,0.14285714285714285,2.0,2.142857142857143,1.7142857142857142,2.142857142857143,1.8571428571428572,7.142857142857143,9.857142857142858,5.142857142857143,10.285714285714286,6.714285714285714
Tavares,0.0,0.0,0.0,0.0,0.0,0.0,0.0,0.14285714285714285,0.7142857142857143,0.2857142857142857,0.2857142857142857,1.4285714285714286,0.7142857142857143,0.0,1.0,1.8571428571428572,1.4285714285714286,2.7142857142857144,2.857142857142857,3.5714285714285716,2.857142857142857,1.7142857142857142
Cuité,0.0,0.0,0.0,0.0,0.0,0.0,0.14285714285714285,0.0,1.2857142857142858,0.0,1.1428571428571428,2.4285714285714284,4.857142857142857,5.428571428571429,2.0,1.1428571428571428,2.142857142857143,1.0,1.1428571428571428,0.8571428571428571,0.8571428571428571,11.714285714285714
Bayeux,0.0,0.14285714285714285,0.42857142857142855,0.8571428571428571,2.857142857142857,4.0,2.5714285714285716,16.428571428571427,10.285714285714286,21.857142857142858,17.428571428571427,13.285714285714286,19.857142857142858,21.285714285714285,15.571428571428571,14.571428571428571,23.714285714285715,6.571428571428571,24.857142857142858,18.285714285714285,10.142857142857142,3.5714285714285716
Serra Grande,0.0,0.0,0.0,0.0,0.0,0.0,0.0,0.0,0.0,0.14285714285714285,0.0,0.14285714285714285,0.14285714285714285,0.2857142857142857,0.42857142857142855,0.0,0.0,0.14285714285714285,0.0,0.14285714285714285,0.14285714285714285,0.0
Poço Dantas,0.0,0.0,0.0,0.0,0.0,0.0,0.0,0.0,0.0,0.0,0.0,0.0,0.14285714285714285,0.14285714285714285,0.14285714285714285,0.14285714285714285,0.0,0.0,0.14285714285714285,1.1428571428571428,1.0,0.2857142857142857
Joca Claudino,0.0,0.0,0.0,0.0,0.0,0.0,0.14285714285714285,0.0,0.0,0.0,0.0,0.0,0.0,0.14285714285714285,0.0,0.0,0.0,0.14285714285714285,1.0,0.2857142857142857,0.42857142857142855,0.5714285714285714
Ibiara,0.0,0.0,0.0,0.0,0.0,0.0,0.0,0.2857142857142857,0.2857142857142857,0.14285714285714285,0.0,0.0,0.7142857142857143,0.0,0.42857142857142855,0.5714285714285714,1.8571428571428572,0.5714285714285714,1.4285714285714286,2.4285714285714284,2.142857142857143,1.1428571428571428
Sertãozinho,0.0,0.0,0.0,0.0,0.0,0.0,0.2857142857142857,0.5714285714285714,0.42857142857142855,1.1428571428571428,1.0,0.42857142857142855,0.7142857142857143,1.0,1.5714285714285714,3.142857142857143,3.0,3.0,4.714285714285714,5.0,8.0,8.428571428571429
Cachoeira dos Índios,0.0,0.0,0.0,0.0,0.0,0.0,0.0,0.2857142857142857,0.2857142857142857,0.7142857142857143,1.8571428571428572,1.1428571428571428,1.4285714285714286,0.42857142857142855,0.2857142857142857,1.2857142857142858,0.5714285714285714,3.142857142857143,1.7142857142857142,0.42857142857142855,0.5714285714285714,0.14285714285714285
Junco do Seridó,0.0,0.14285714285714285,0.2857142857142857,0.0,0.0,0.0,0.0,0.14285714285714285,0.5714285714285714,0.5714285714285714,0.0,0.2857142857142857,1.0,0.7142857142857143,0.2857142857142857,0.5714285714285714,0.14285714285714285,0.5714285714285714,0.7142857142857143,0.7142857142857143,1.4285714285714286,0.8571428571428571
Belém,0.0,0.0,0.0,0.0,0.0,0.0,0.5714285714285714,1.2857142857142858,1.7142857142857142,5.0,4.714285714285714,3.4285714285714284,12.714285714285714,14.571428571428571,19.571428571428573,14.0,14.0,13.0,16.0,13.0,6.714285714285714,5.571428571428571
Araruna,0.0,0.0,0.0,0.0,0.0,0.0,0.0,0.0,0.2857142857142857,0.2857142857142857,1.1428571428571428,1.5714285714285714,3.4285714285714284,6.0,7.285714285714286,5.142857142857143,3.857142857142857,2.7142857142857144,-0.14285714285714285,0.8571428571428571,0.7142857142857143,1.5714285714285714
São Vicente do Seridó,0.0,0.0,0.0,0.0,0.0,0.0,0.0,1.0,0.5714285714285714,0.8571428571428571,0.14285714285714285,0.0,0.0,0.7142857142857143,0.42857142857142855,1.2857142857142858,1.4285714285714286,0.42857142857142855,0.0,0.0,0.14285714285714285,0.14285714285714285
Santana dos Garrotes,0.0,0.0,0.0,0.0,0.0,0.0,0.0,0.0,0.14285714285714285,0.14285714285714285,0.0,0.0,0.14285714285714285,0.42857142857142855,0.0,0.14285714285714285,1.0,0.14285714285714285,0.42857142857142855,0.0,0.0,0.2857142857142857
Malta,0.0,0.0,0.0,0.0,0.0,0.0,0.2857142857142857,0.5714285714285714,0.42857142857142855,0.8571428571428571,0.42857142857142855,0.14285714285714285,-0.14285714285714285,0.14285714285714285,0.8571428571428571,0.5714285714285714,1.2857142857142858,4.571428571428571,2.7142857142857144,1.4285714285714286,1.0,0.42857142857142855
Cubati,0.0,0.0,0.0,0.0,0.0,0.0,0.0,0.0,0.0,0.42857142857142855,0.42857142857142855,2.5714285714285716,2.0,0.7142857142857143,1.7142857142857142,0.8571428571428571,1.0,0.0,0.42857142857142855,0.5714285714285714,0.0,0.2857142857142857
Monteiro,0.0,0.0,0.0,0.0,0.0,0.2857142857142857,1.0,0.5714285714285714,0.8571428571428571,1.8571428571428572,0.7142857142857143,1.7142857142857142,2.857142857142857,4.285714285714286,4.571428571428571,4.714285714285714,8.571428571428571,6.0,6.857142857142857,8.428571428571429,13.571428571428571,6.0
Remígio,0.0,0.0,0.0,0.0,0.0,0.14285714285714285,1.4285714285714286,1.8571428571428572,2.142857142857143,1.4285714285714286,7.714285714285714,1.5714285714285714,3.7142857142857144,2.7142857142857144,2.857142857142857,1.1428571428571428,2.857142857142857,2.2857142857142856,1.0,0.8571428571428571,0.5714285714285714,1.1428571428571428
São José de Piranhas,0.0,0.0,0.0,0.0,0.14285714285714285,0.0,0.14285714285714285,0.2857142857142857,0.0,0.5714285714285714,0.7142857142857143,0.5714285714285714,1.5714285714285714,5.571428571428571,1.1428571428571428,1.0,8.0,1.4285714285714286,1.2857142857142858,1.1428571428571428,2.0,2.4285714285714284
Tacima,0.0,0.0,0.0,0.0,0.0,0.0,0.2857142857142857,0.14285714285714285,0.8571428571428571,1.0,2.4285714285714284,1.2857142857142858,1.2857142857142858,2.142857142857143,2.142857142857143,1.5714285714285714,1.0,2.0,1.4285714285714286,0.0,0.0,0.0
